Fecha,ID_Pedido,Region,Ventas_Brutas,Devoluciones,CAC,Estado_Pedido
2026-01-05,ORD-1001,España,245.50,0.00,18.20,Completado
2026-01-12,ORD-1002,Francia,189.90,25.00,22.50,Completado
2026-01-20,ORD-1003,Alemania,320.00,0.00,30.10,Completado
2026-01-28,ORD-1004,Italia,99.99,0.00,12.40,Cancelado
2026-02-03,ORD-1005,Portugal,150.00,150.00,15.75,Completado
2026-02-11,ORD-1006,España,410.25,40.00,25.00,Completado
2026-02-19,ORD-1007,Francia,275.80,0.00,0.00,Completado
2026-02-26,ORD-1008,Alemania,129.50,0.00,19.90,Pendiente
2026-03-04,ORD-1009,Italia,360.00,35.50,28.30,Completado
2026-03-13,ORD-1010,España,198.40,0.00,21.60,Completado
2026-03-22,ORD-1011,Portugal,87.60,0.00,11.20,Completado
2026-03-30,ORD-1012,Francia,512.00,60.00,34.80,Completado
2026-04-06,ORD-1013,Alemania,230.75,0.00,24.10,Completado
2026-04-15,ORD-1014,Italia,145.20,0.00,17.50,Pendiente
2026-04-24,ORD-1015,España,299.99,0.00,26.40,Cancelado
2026-05-02,ORD-1016,Portugal,176.30,20.00,0.00,Completado
2026-05-14,ORD-1017,Francia,425.60,0.00,31.90,Completado
2026-05-27,ORD-1018,Alemania,268.40,45.00,23.70,Completado
2026-06-08,ORD-1019,Italia,333.10,0.00,27.80,Completado
2026-06-21,ORD-1020,España,219.90,0.00,20.30,Pendiente
